{
  "ph": 7.0807945043,
  "Hardness, water": 196.3694960173,
  "Dissolved solids ": 22014.0925260771,
  "Chlorine": 7.1222767934,
  "Sulfate, water,": 333.7757766108,
  "Specific conductance": 426.2051106826,
  "Organic carbon, water,": 14.2849702477,
  "Trihalomethanes": 66.3962929468,
  "Trihalomethanes, water,": 3.9667861698
}